image_id,filename,source_filename,type,parent_id,transformation,parameters,width,height,format,sha256,category,human_review
img_001,img_001.jpg,face1.jpg,original,,,,667,1000,JPEG,f6f35bb71ee9f719fd9910af57f6fe476b26004d03556a0a93b33e073fb0b0f6,TODO,TODO
img_002,img_002.jpg,photo-1499996860823-5214fcc65f8f.jpg,original,,,,500,622,JPEG,2842d2ee9d3b71486a484802fb64b0a8bd31c9c980ac0553c023ce5f91f3a380,TODO,TODO
img_003,img_003.jpg,photo-1520529277867-dbf8c5e0b340.jpg,original,,,,500,752,JPEG,dbacc009951e6329d748dc2b3820dbe01a323f67938ac42395cab740d113efe7,TODO,TODO
img_004,img_004.jpg,photo-1560250097-0b93528c311a.jpg,original,,,,500,750,JPEG,426cd4ea7593be6aa1b9c66314ea443b2a89882520618aa7a7a4d16b3d09dcbe,TODO,TODO
img_005,img_005.jpg,photo-1564564295391-7f24f26f568b.jpg,original,,,,500,331,JPEG,5ca0bde0329f344cfe176c9fef7cf702fa37822046b43cbd7b92ccb9792ef91b,TODO,TODO
img_006,img_006.jpg,photo-1573496359142-b8d87734a5a2.jpg,original,,,,500,749,JPEG,230f2f4b49eee6d16c266d65bacad91e7ecdac51a911e3e0ee212f53c355b753,TODO,TODO
img_007,img_007.jpg,photo-1590702841774-45166f031529.jpg,original,,,,500,750,JPEG,46fca351a00c0e205e330602d01c20e8349ca569abc971f29d7f498b920cbf26,TODO,TODO
img_008,img_008.jpg,photo-1593529467220-9d721ceb9a78.jpg,original,,,,500,675,JPEG,67cf05ca2080e767a727736f1daf3a7314b23c5b6c3800e403a137343dc443f9,TODO,TODO
img_009,img_009.jpg,photo-1600349230078-13945eb9d51d.jpg,original,,,,500,749,JPEG,8eea29ff9a1fd712cada8a86c5ebee9aeac68aa6e146470432fd81dc9992048b,TODO,TODO
img_010,img_010.jpg,photo-1621012649112-d1724740b0da.jpg,original,,,,500,750,JPEG,d2faac58e39b97ec169db397d4fb7b66d2692f00d1bb79901d4e33850779a269,TODO,TODO
img_011,img_011.jpg,photo-1624395213043-fa2e123b2656.jpg,original,,,,500,750,JPEG,255d3f1deb965c9ab3e2ca361f928a3ff041ed5df4cbfa8b17cd1f5fa5d84569,TODO,TODO
img_012,img_012.jpg,photo-1656338997878-279d71d48f6e.jpg,original,,,,500,625,JPEG,c249796469f451bcb6671e87ab881ac6b4a9af1036e276b0b7ed0b04cf9ed0e7,TODO,TODO
img_013,img_013.jpg,photo-1674932668403-33398b81c92f.jpg,original,,,,500,750,JPEG,1881ebdaddee730780ccafe639d3427e7090da2f126eb4b78ffc5ed2f1b87784,TODO,TODO
img_014,img_014.jpg,photo-1724225618238-d03fc678f848.jpg,original,,,,500,667,JPEG,9e82a259e86587b65cdf4d0c639ac5142b78deb27b856a494695d41310e6de60,TODO,TODO
img_015,img_015.jpg,premium_photo-1664203068267-aa40017d2702.jpg,original,,,,500,750,JPEG,1eabfc62fe15188b17a7296253ea571525e5cc19468a4db5585cbb37138ff06c,TODO,TODO
img_016,img_016.jpg,premium_photo-1664536392896-cd1743f9c02c.jpg,original,,,,500,750,JPEG,eb17d7024ba8453e5dd05cd7133744cd5f097735e271921cb91943f975d3858e,TODO,TODO
img_017,img_017.jpg,premium_photo-1671656349322-41de944d259b.jpg,original,,,,500,750,JPEG,d71980b0a6ad7db830a7c4cac2a5eb36e601bbceef613f34b4f7a84aa3a5b7fc,TODO,TODO
img_018,img_018.jpg,premium_photo-1687832254672-bf177d8819df.jpg,original,,,,500,750,JPEG,cbe11ce69e347770ac23df6fc200ccd19dd4d7c5ebb22ff5dcd8729446443d47,TODO,TODO
img_019,img_019.jpg,premium_photo-1690587673708-d6ba8a1579a5.jpg,original,,,,500,766,JPEG,45edc733fea8d85a96b4996f90a0ac1dbe2dd2f9f1a481c2f99cd6120f2b08ad,TODO,TODO
img_020,img_020.jpg,umesh-soni-hpklBuuel_k-unsplash.jpg,original,,,,640,960,JPEG,c6ca24913e1109daecc7bcad0739efeebc8911a8eeb9d879a869fbb45541ecaa,TODO,TODO
img_001_resize_50,img_001_resize_50.jpg,,variant,img_001,resize_50,50%,333,500,JPEG,216943379c161e7059ebc06c4157e6c3e288b70bfdc99115daff6d1b1dcf3122,,
img_001_crop_15,img_001_crop_15.jpg,,variant,img_001,crop_15,15% border crop,467,700,JPEG,c8bc56d29a8a308b918bf0cb0ab608b7f0856913dc605aa987648896a5d3d531,,
img_001_brightness_20,img_001_brightness_20.jpg,,variant,img_001,brightness_20,+20% brightness,667,1000,JPEG,1f32480316f3cec2db9f573a75f57c5fb6c0c3dec40c957cff56e8763264c961,,
img_001_rotate_5,img_001_rotate_5.jpg,,variant,img_001,rotate_5,+5 degrees,753,1056,JPEG,42fa4d165ba7a8fabb0f3190e0795ef39048642706e53b8cdb1dd2e484dc6e5b,,
img_001_jpeg_quality_50,img_001_jpeg_quality_50.jpg,,variant,img_001,jpeg_quality_50,JPEG quality=50,667,1000,JPEG,f628e4e535cb8605637974abef5ef78030cd69a53a7b8199a4d9726b16c05828,,
img_002_resize_50,img_002_resize_50.jpg,,variant,img_002,resize_50,50%,250,311,JPEG,9492d445362a4775dbf4c8cdc207b3151c9a00b6dd29d5b7fa4b4bee50014b26,,
img_002_crop_15,img_002_crop_15.jpg,,variant,img_002,crop_15,15% border crop,350,436,JPEG,c8f98d2470028be2b3fba8a828e46d6854a61ca425d1c14c3ba83592e9fd9da7,,
img_002_brightness_20,img_002_brightness_20.jpg,,variant,img_002,brightness_20,+20% brightness,500,622,JPEG,8dd84e9634604f955c973fcced99b2e7f3529f8d1354ebd6d899d8d3b1a34daf,,
img_002_rotate_5,img_002_rotate_5.jpg,,variant,img_002,rotate_5,+5 degrees,554,664,JPEG,f0a24eea4158bddbc7c4f8061f7fc65d43cb6e1dd4c194d7991c550097545dd4,,
img_002_jpeg_quality_50,img_002_jpeg_quality_50.jpg,,variant,img_002,jpeg_quality_50,JPEG quality=50,500,622,JPEG,60ef2bb8511de02d7dd2d44601937d4b0e07a42b5297f7c1e3b92c2b8c46a956,,
img_003_resize_50,img_003_resize_50.jpg,,variant,img_003,resize_50,50%,250,376,JPEG,2c2f423ccd3bf9189ae2df5c3f5bf8c339e9ca927928f8cb9be8d43185e8cc69,,
img_003_crop_15,img_003_crop_15.jpg,,variant,img_003,crop_15,15% border crop,350,528,JPEG,205cd5394a75e94547743d5e716450249bf464355c59f21243be01809cfc6ab6,,
img_003_brightness_20,img_003_brightness_20.jpg,,variant,img_003,brightness_20,+20% brightness,500,752,JPEG,e6ae5395348d62f7c3717386ccf912b4153ed4ad4b86686ca547619d292bcb45,,
img_003_rotate_5,img_003_rotate_5.jpg,,variant,img_003,rotate_5,+5 degrees,564,794,JPEG,ebad95227b84fb9a907f5249c8fd9c38fe3823035d3bcdf756633576e3ff230c,,
img_003_jpeg_quality_50,img_003_jpeg_quality_50.jpg,,variant,img_003,jpeg_quality_50,JPEG quality=50,500,752,JPEG,02d803ab19311787db453856735e4e5c331fa2950cd5f08325eae99d4c1237b7,,
img_004_resize_50,img_004_resize_50.jpg,,variant,img_004,resize_50,50%,250,375,JPEG,88c019c2b7e74aefcb9a149027afb3bd6ec3d8a7438a5e94d70fd0306f1d5704,,
img_004_crop_15,img_004_crop_15.jpg,,variant,img_004,crop_15,15% border crop,350,526,JPEG,b2a6f2cb138c5c6d88dc694e758eb3197e840a7026fdc5813d8fcfad5542fa62,,
img_004_brightness_20,img_004_brightness_20.jpg,,variant,img_004,brightness_20,+20% brightness,500,750,JPEG,da736b5ca677a2c61d4176e7ff0978007db8e09d1495c701265b7d0e6dc1cdbb,,
img_004_rotate_5,img_004_rotate_5.jpg,,variant,img_004,rotate_5,+5 degrees,564,792,JPEG,2a0068f6e7a5e95c402beab799feef8a5c234c03f97e5c9081ef745aebb9022e,,
img_004_jpeg_quality_50,img_004_jpeg_quality_50.jpg,,variant,img_004,jpeg_quality_50,JPEG quality=50,500,750,JPEG,b866ac559ec56bf3b1ea2faf94ea7b5f5bbbf3282350dd697fa84609c7c2a48d,,
img_005_resize_50,img_005_resize_50.jpg,,variant,img_005,resize_50,50%,250,165,JPEG,bb8639cf1862c16ae148767e11d0f2d78227ef3f0f4cb34c280783acbafa41d7,,
img_005_crop_15,img_005_crop_15.jpg,,variant,img_005,crop_15,15% border crop,350,233,JPEG,a699630803c64c3603d7a96eb987164a441a2a2fa4dc56cb49f4ab0c6e322a3d,,
img_005_brightness_20,img_005_brightness_20.jpg,,variant,img_005,brightness_20,+20% brightness,500,331,JPEG,35a2ecbba100718dca36641c7a49e8c8ae16873f3bbc8f2078f4e12733e1e492,,
img_005_rotate_5,img_005_rotate_5.jpg,,variant,img_005,rotate_5,+5 degrees,528,375,JPEG,c93a1f386cc0bf556fc7ada0039e2a0dc69dfa4561dc1c153093a2e5b74e9489,,
img_005_jpeg_quality_50,img_005_jpeg_quality_50.jpg,,variant,img_005,jpeg_quality_50,JPEG quality=50,500,331,JPEG,8ea64727a86737830d48f431d1376965b06b3fc0e78fd193d4358f93ba0ad072,,
img_006_resize_50,img_006_resize_50.jpg,,variant,img_006,resize_50,50%,250,374,JPEG,db3b41f347981d5f6bb4e493ab68e2955b902b0ce22585cfbc9b0d026ac81027,,
img_006_crop_15,img_006_crop_15.jpg,,variant,img_006,crop_15,15% border crop,350,525,JPEG,1d74f07ac772be0543279c41a68e2775f5ebaa452d0336fedb839465bccac7b1,,
img_006_brightness_20,img_006_brightness_20.jpg,,variant,img_006,brightness_20,+20% brightness,500,749,JPEG,88378bc79073c44a77c68672dcbfbead7f833c87783a8c001cebfbd190b1b8b7,,
img_006_rotate_5,img_006_rotate_5.jpg,,variant,img_006,rotate_5,+5 degrees,564,791,JPEG,6f52a25febf5b4b66e2fc9a1604b3d3c506b211e1b700a44b573c05637dc6a72,,
img_006_jpeg_quality_50,img_006_jpeg_quality_50.jpg,,variant,img_006,jpeg_quality_50,JPEG quality=50,500,749,JPEG,35ec2bb3ce0af003a30ed1d785da3cff19d5e1be2f4d4231a2b3816a003a9c93,,
img_007_resize_50,img_007_resize_50.jpg,,variant,img_007,resize_50,50%,250,375,JPEG,71c76c8ef0925a2cb7c6f103971b0f736262719601e8d75e820259a7a4885720,,
img_007_crop_15,img_007_crop_15.jpg,,variant,img_007,crop_15,15% border crop,350,526,JPEG,56180aed573f197ee68d7bffd6eb78dbc226fcbb25ebbe3357ebf2992c1aa011,,
img_007_brightness_20,img_007_brightness_20.jpg,,variant,img_007,brightness_20,+20% brightness,500,750,JPEG,556a7d2c08874c9c70c4f8609dfbacb2f5a28e87ed636faa06c058f90050f791,,
img_007_rotate_5,img_007_rotate_5.jpg,,variant,img_007,rotate_5,+5 degrees,564,792,JPEG,1fe7e2ac6a1036d9c158a64011325dc8c64f6925bd23c7ace197efea75bb4cc5,,
img_007_jpeg_quality_50,img_007_jpeg_quality_50.jpg,,variant,img_007,jpeg_quality_50,JPEG quality=50,500,750,JPEG,d7f83ef424058a6237d834cf97c91263d1ce4699ee05a315e7f74dde56964f3d,,
img_008_resize_50,img_008_resize_50.jpg,,variant,img_008,resize_50,50%,250,337,JPEG,d9b575eb047f498cf0f7212868db4603d597db95a1c63af91f3bb8a740f2100d,,
img_008_crop_15,img_008_crop_15.jpg,,variant,img_008,crop_15,15% border crop,350,473,JPEG,aa2e705ba2f6ca52e5a37d1931455cbefb8c616150ef8d336a9b2563def713b2,,
img_008_brightness_20,img_008_brightness_20.jpg,,variant,img_008,brightness_20,+20% brightness,500,675,JPEG,68bef3977a38d64d6392188e798c350cf1c6b7e8912a7f7bb7b4501aba47b545,,
img_008_rotate_5,img_008_rotate_5.jpg,,variant,img_008,rotate_5,+5 degrees,558,717,JPEG,60a58d4a77d3be727da8f4df4e0c601f185dbad19c0f7ff7ad2b092a15a45430,,
img_008_jpeg_quality_50,img_008_jpeg_quality_50.jpg,,variant,img_008,jpeg_quality_50,JPEG quality=50,500,675,JPEG,bcc16a2db3a0a93a6d148fea287b81925b7a6bd067b02daf116fd8575ae6372f,,
img_009_resize_50,img_009_resize_50.jpg,,variant,img_009,resize_50,50%,250,374,JPEG,7828971347149e735931a90f885d097a40b531d5c7371dba2faf05d626047b9a,,
img_009_crop_15,img_009_crop_15.jpg,,variant,img_009,crop_15,15% border crop,350,525,JPEG,a5facd13733df7542007887f161c8be930909c1554ec233eeac73f16225bddd6,,
img_009_brightness_20,img_009_brightness_20.jpg,,variant,img_009,brightness_20,+20% brightness,500,749,JPEG,50a77495556fb8b0ca8e243eb8745e3a0ddcde2eed2bd03e0d2fb5610a7ea298,,
img_009_rotate_5,img_009_rotate_5.jpg,,variant,img_009,rotate_5,+5 degrees,564,791,JPEG,71464b084c5da1302beb3d99cb0906e5f1886ad789b0b5e83b1d7ad28aa8b8db,,
img_009_jpeg_quality_50,img_009_jpeg_quality_50.jpg,,variant,img_009,jpeg_quality_50,JPEG quality=50,500,749,JPEG,568befdc241732e8e3386cb83637c87ff0105e747609285924b49ce3460b74f7,,
img_010_resize_50,img_010_resize_50.jpg,,variant,img_010,resize_50,50%,250,375,JPEG,1165946ab36512f637eadfa1a5466f4b6b8c96c4aa39040c3e17847fbd35e9e4,,
img_010_crop_15,img_010_crop_15.jpg,,variant,img_010,crop_15,15% border crop,350,526,JPEG,88e2a891406fd4460c96c83f14d1fd844191d6c0a9dd0c3d4b8439813b903425,,
img_010_brightness_20,img_010_brightness_20.jpg,,variant,img_010,brightness_20,+20% brightness,500,750,JPEG,be06431a4fb5f825712ef4c36ab33cb9ad805b24a153d25f8ddcd6e4167a2410,,
img_010_rotate_5,img_010_rotate_5.jpg,,variant,img_010,rotate_5,+5 degrees,564,792,JPEG,3c45b425c4aec171bed0b30b0a75596bc2443732b317f8da5e2f320dae312c18,,
img_010_jpeg_quality_50,img_010_jpeg_quality_50.jpg,,variant,img_010,jpeg_quality_50,JPEG quality=50,500,750,JPEG,9270676f5de0a459feed89436da28fb225df7083e1514cfcf10ab97075fca025,,
img_011_resize_50,img_011_resize_50.jpg,,variant,img_011,resize_50,50%,250,375,JPEG,941f4972c8b9daf6a3a17959be2ac183b27c4a5dd6064169f6b8bb1f9ea46cc9,,
img_011_crop_15,img_011_crop_15.jpg,,variant,img_011,crop_15,15% border crop,350,526,JPEG,280cb6ffa9cb8c7ec7543989eb560b8533e6ee3f4d84a74541a16fc41791c771,,
img_011_brightness_20,img_011_brightness_20.jpg,,variant,img_011,brightness_20,+20% brightness,500,750,JPEG,be1780749c5e3995a886cf80125e9fe018e5faea961dd860605b9a2051d4e904,,
img_011_rotate_5,img_011_rotate_5.jpg,,variant,img_011,rotate_5,+5 degrees,564,792,JPEG,fdca4accd3ed068be0981748b408c1737b8f1e9266ddb777c53f019ca693e717,,
img_011_jpeg_quality_50,img_011_jpeg_quality_50.jpg,,variant,img_011,jpeg_quality_50,JPEG quality=50,500,750,JPEG,4cdfeaa35ba5ba7fd6e9c8d3226ae7f0a42a723bc7d5902e1c06cb837070238b,,
img_012_resize_50,img_012_resize_50.jpg,,variant,img_012,resize_50,50%,250,312,JPEG,12f0d0f5d8d0cc1fdb52262577bb1a4880fe99062d23f3d05a3230a4e74103f4,,
img_012_crop_15,img_012_crop_15.jpg,,variant,img_012,crop_15,15% border crop,350,439,JPEG,b56e40e220d2ce6a495ca8ac3f8e91bd2f148ba2e732b169d1ce557886093c0f,,
img_012_brightness_20,img_012_brightness_20.jpg,,variant,img_012,brightness_20,+20% brightness,500,625,JPEG,b065571c2651aad283115d5803f4d1d43feaaa8152d9e9fd49c5cf14dc0a4223,,
img_012_rotate_5,img_012_rotate_5.jpg,,variant,img_012,rotate_5,+5 degrees,554,667,JPEG,4153a2070d795e605e07ac514dd88c88b1f2f8235b0e232f29ced07bb1cf2db2,,
img_012_jpeg_quality_50,img_012_jpeg_quality_50.jpg,,variant,img_012,jpeg_quality_50,JPEG quality=50,500,625,JPEG,d6995f50df79a97b275bdb846662fb799e1f3b1e68c9ed28420c18f83ac22f7a,,
img_013_resize_50,img_013_resize_50.jpg,,variant,img_013,resize_50,50%,250,375,JPEG,27cebbb1b86f153ac57e9b6e49765447254e22d7020da85dfaf5d8bfcb1f2c44,,
img_013_crop_15,img_013_crop_15.jpg,,variant,img_013,crop_15,15% border crop,350,526,JPEG,1fa50c884ebaea8901a82be386e1fc7a6521c4b97398d3f1671370d1c24d52c3,,
img_013_brightness_20,img_013_brightness_20.jpg,,variant,img_013,brightness_20,+20% brightness,500,750,JPEG,0b019aefb9a1644702c37f4fbca1c69f97449cd93e6b7ab84467370f15457348,,
img_013_rotate_5,img_013_rotate_5.jpg,,variant,img_013,rotate_5,+5 degrees,564,792,JPEG,0c2e2f214ba24627387db59105b97d2614d162687d4f792d063b6a3b8f1f44f0,,
img_013_jpeg_quality_50,img_013_jpeg_quality_50.jpg,,variant,img_013,jpeg_quality_50,JPEG quality=50,500,750,JPEG,2457ee459e1a88d0ca22aeff8e8e1605ad52636277217ae22a3eaa1aec573c51,,
img_014_resize_50,img_014_resize_50.jpg,,variant,img_014,resize_50,50%,250,333,JPEG,caf4451f9b10d252fe670e1147dd6ea6e0a73d4fb127edb9de958153ca82e3f0,,
img_014_crop_15,img_014_crop_15.jpg,,variant,img_014,crop_15,15% border crop,350,467,JPEG,b1b35925443911215a490c736187baf5574a9aa429f5bebec8b27463e6e6ec3d,,
img_014_brightness_20,img_014_brightness_20.jpg,,variant,img_014,brightness_20,+20% brightness,500,667,JPEG,3e08257605294c08d54a45019f8f7d2d227b3ddc03ea5e93e541b2a1419bf370,,
img_014_rotate_5,img_014_rotate_5.jpg,,variant,img_014,rotate_5,+5 degrees,558,709,JPEG,e6bd9c18a42dd1d817db5e1a8fda6286acb944f0975b944ebd986a6bd05173fe,,
img_014_jpeg_quality_50,img_014_jpeg_quality_50.jpg,,variant,img_014,jpeg_quality_50,JPEG quality=50,500,667,JPEG,20f46793967ef88133d7ae16b09fda70bce2717952457478d349b2d580209e9b,,
img_015_resize_50,img_015_resize_50.jpg,,variant,img_015,resize_50,50%,250,375,JPEG,4a3e260d6ca6f7fb90a4f5d63ba88b7ea6b78396f19270d48b6b3eb117e640ea,,
img_015_crop_15,img_015_crop_15.jpg,,variant,img_015,crop_15,15% border crop,350,526,JPEG,f87055a5b8f8abf481164b6017881618743cfe3a6e5cdf4234f45328a1bee052,,
img_015_brightness_20,img_015_brightness_20.jpg,,variant,img_015,brightness_20,+20% brightness,500,750,JPEG,49c479b9c10036d01ac988d91ad690f7f49f3cd5c6a6f0abf417b8b52c5b542d,,
img_015_rotate_5,img_015_rotate_5.jpg,,variant,img_015,rotate_5,+5 degrees,564,792,JPEG,ec51e4b2f60d415bc454d85895770234caa2b06398c9226d0391eb2daf085243,,
img_015_jpeg_quality_50,img_015_jpeg_quality_50.jpg,,variant,img_015,jpeg_quality_50,JPEG quality=50,500,750,JPEG,830c70036f72f1403e3f60bf9ef13d608bb34d6fcf1fc39e3703ae421f1d3bb8,,
img_016_resize_50,img_016_resize_50.jpg,,variant,img_016,resize_50,50%,250,375,JPEG,5c72de4c78f90ba8957a7280c5f442aa797149becdbce005d2aa6f0f7097deef,,
img_016_crop_15,img_016_crop_15.jpg,,variant,img_016,crop_15,15% border crop,350,526,JPEG,8456317cbabace70729792f9664167c5d996768f9f23401830d526c1888c5c16,,
img_016_brightness_20,img_016_brightness_20.jpg,,variant,img_016,brightness_20,+20% brightness,500,750,JPEG,1990e7cb5e5bd219efc7390d876d638296b2d0ac4d5a42205ef6c4becfe8d36d,,
img_016_rotate_5,img_016_rotate_5.jpg,,variant,img_016,rotate_5,+5 degrees,564,792,JPEG,934721ab42a0ec9da133591084122776cb57949caef624f82f9ec38e72e5a7ec,,
img_016_jpeg_quality_50,img_016_jpeg_quality_50.jpg,,variant,img_016,jpeg_quality_50,JPEG quality=50,500,750,JPEG,18d615af828526e9d1ee1f1c87d771a2691380f6958cd828587eb92194b8471a,,
img_017_resize_50,img_017_resize_50.jpg,,variant,img_017,resize_50,50%,250,375,JPEG,a262696f153aceb750ed92b500cb7c2552551f55451ab85c0186cca154cad78d,,
img_017_crop_15,img_017_crop_15.jpg,,variant,img_017,crop_15,15% border crop,350,526,JPEG,63318badaa5e932d42d21d0fce2c19c94c0f087e121556f8dc98dc0de5ec8acf,,
img_017_brightness_20,img_017_brightness_20.jpg,,variant,img_017,brightness_20,+20% brightness,500,750,JPEG,906f19c5a96e2542c5b49c3feee192f7af78cecae51c5a68bbf5cfafebfae71a,,
img_017_rotate_5,img_017_rotate_5.jpg,,variant,img_017,rotate_5,+5 degrees,564,792,JPEG,1411ecf50b31c9e702f989d37bcde7e55482cfc63c6ad42299bd460841a8be9c,,
img_017_jpeg_quality_50,img_017_jpeg_quality_50.jpg,,variant,img_017,jpeg_quality_50,JPEG quality=50,500,750,JPEG,731029293e2c89e3ad7018864c8b807d4cd4d06893f6247436afb6b79715f615,,
img_018_resize_50,img_018_resize_50.jpg,,variant,img_018,resize_50,50%,250,375,JPEG,bfe6e568c6aa08d8d1dad011b1da02d26d6dd63b160bcb892347e354d35b79e2,,
img_018_crop_15,img_018_crop_15.jpg,,variant,img_018,crop_15,15% border crop,350,526,JPEG,1ae53b904250f509040a8697ae26b2fce4ef9878bd4662527fbba8de8c3dd5a6,,
img_018_brightness_20,img_018_brightness_20.jpg,,variant,img_018,brightness_20,+20% brightness,500,750,JPEG,e0055b60c80fbb40d8a19ab2dd781e77d83221d11d91bd167537a97983d2960e,,
img_018_rotate_5,img_018_rotate_5.jpg,,variant,img_018,rotate_5,+5 degrees,564,792,JPEG,99b4401410531caf344784e104af2ed1dedbc06cda44c20806faf92d7fafe46e,,
img_018_jpeg_quality_50,img_018_jpeg_quality_50.jpg,,variant,img_018,jpeg_quality_50,JPEG quality=50,500,750,JPEG,88ae43d20efbec6e43a6b2e26be81fb798a9770399846bd3d0052327bcdd646d,,
img_019_resize_50,img_019_resize_50.jpg,,variant,img_019,resize_50,50%,250,383,JPEG,34218d697de8da3e1370d3a50feadd179d8f253778af0347aaf64de4ae423a59,,
img_019_crop_15,img_019_crop_15.jpg,,variant,img_019,crop_15,15% border crop,350,538,JPEG,1481429b84337abe1ee4a4b595a64a90d5f7cd9576379f00e9a11ada26e47ca7,,
img_019_brightness_20,img_019_brightness_20.jpg,,variant,img_019,brightness_20,+20% brightness,500,766,JPEG,51e582f84a16a1ba4633cbee74818c56449fac13b0e7a5e487d3346e48ce815d,,
img_019_rotate_5,img_019_rotate_5.jpg,,variant,img_019,rotate_5,+5 degrees,566,808,JPEG,8e3c0f5230c277756ac4b6f66fa377b2914a7cee2b8516fd17dc21ad96fc2763,,
img_019_jpeg_quality_50,img_019_jpeg_quality_50.jpg,,variant,img_019,jpeg_quality_50,JPEG quality=50,500,766,JPEG,8cabd6bb00286d286b124e4e2f12d8d6d400af7f411f4c4afd55052830952c92,,
img_020_resize_50,img_020_resize_50.jpg,,variant,img_020,resize_50,50%,320,480,JPEG,e2922a122f151df77a89de151aac7dbf194a2c4bd7a1835d770845da91acd1fb,,
img_020_crop_15,img_020_crop_15.jpg,,variant,img_020,crop_15,15% border crop,448,672,JPEG,9e2d78c6dac9ab95e82804012438b4927e080e78fc4b022a1fa47966f01e7905,,
img_020_brightness_20,img_020_brightness_20.jpg,,variant,img_020,brightness_20,+20% brightness,640,960,JPEG,c3c5df8c256fb72cd6ec9d855268fe8e590e57660040d3bf9d80b6280917fe3f,,
img_020_rotate_5,img_020_rotate_5.jpg,,variant,img_020,rotate_5,+5 degrees,722,1014,JPEG,b823ebc63c3990f9d87a09d133a1ee21349a15467408f7d45d4a97a179fb9239,,
img_020_jpeg_quality_50,img_020_jpeg_quality_50.jpg,,variant,img_020,jpeg_quality_50,JPEG quality=50,640,960,JPEG,53359cbd3679322f0afd834a4686025fa3917545613a7b2696172ce90f7478be,,
