query_id,candidate_id,label,relationship,review_status
img_001,img_001_resize_50,1,resize_50,AUTO
img_001,img_001_crop_15,1,crop_15,AUTO
img_001,img_001_brightness_20,1,brightness_20,AUTO
img_001,img_001_rotate_5,1,rotate_5,AUTO
img_001,img_001_jpeg_quality_50,1,jpeg_quality_50,AUTO
img_002,img_002_resize_50,1,resize_50,AUTO
img_002,img_002_crop_15,1,crop_15,AUTO
img_002,img_002_brightness_20,1,brightness_20,AUTO
img_002,img_002_rotate_5,1,rotate_5,AUTO
img_002,img_002_jpeg_quality_50,1,jpeg_quality_50,AUTO
img_003,img_003_resize_50,1,resize_50,AUTO
img_003,img_003_crop_15,1,crop_15,AUTO
img_003,img_003_brightness_20,1,brightness_20,AUTO
img_003,img_003_rotate_5,1,rotate_5,AUTO
img_003,img_003_jpeg_quality_50,1,jpeg_quality_50,AUTO
img_004,img_004_resize_50,1,resize_50,AUTO
img_004,img_004_crop_15,1,crop_15,AUTO
img_004,img_004_brightness_20,1,brightness_20,AUTO
img_004,img_004_rotate_5,1,rotate_5,AUTO
img_004,img_004_jpeg_quality_50,1,jpeg_quality_50,AUTO
img_005,img_005_resize_50,1,resize_50,AUTO
img_005,img_005_crop_15,1,crop_15,AUTO
img_005,img_005_brightness_20,1,brightness_20,AUTO
img_005,img_005_rotate_5,1,rotate_5,AUTO
img_005,img_005_jpeg_quality_50,1,jpeg_quality_50,AUTO
img_006,img_006_resize_50,1,resize_50,AUTO
img_006,img_006_crop_15,1,crop_15,AUTO
img_006,img_006_brightness_20,1,brightness_20,AUTO
img_006,img_006_rotate_5,1,rotate_5,AUTO
img_006,img_006_jpeg_quality_50,1,jpeg_quality_50,AUTO
img_007,img_007_resize_50,1,resize_50,AUTO
img_007,img_007_crop_15,1,crop_15,AUTO
img_007,img_007_brightness_20,1,brightness_20,AUTO
img_007,img_007_rotate_5,1,rotate_5,AUTO
img_007,img_007_jpeg_quality_50,1,jpeg_quality_50,AUTO
img_008,img_008_resize_50,1,resize_50,AUTO
img_008,img_008_crop_15,1,crop_15,AUTO
img_008,img_008_brightness_20,1,brightness_20,AUTO
img_008,img_008_rotate_5,1,rotate_5,AUTO
img_008,img_008_jpeg_quality_50,1,jpeg_quality_50,AUTO
img_009,img_009_resize_50,1,resize_50,AUTO
img_009,img_009_crop_15,1,crop_15,AUTO
img_009,img_009_brightness_20,1,brightness_20,AUTO
img_009,img_009_rotate_5,1,rotate_5,AUTO
img_009,img_009_jpeg_quality_50,1,jpeg_quality_50,AUTO
img_010,img_010_resize_50,1,resize_50,AUTO
img_010,img_010_crop_15,1,crop_15,AUTO
img_010,img_010_brightness_20,1,brightness_20,AUTO
img_010,img_010_rotate_5,1,rotate_5,AUTO
img_010,img_010_jpeg_quality_50,1,jpeg_quality_50,AUTO
img_011,img_011_resize_50,1,resize_50,AUTO
img_011,img_011_crop_15,1,crop_15,AUTO
img_011,img_011_brightness_20,1,brightness_20,AUTO
img_011,img_011_rotate_5,1,rotate_5,AUTO
img_011,img_011_jpeg_quality_50,1,jpeg_quality_50,AUTO
img_012,img_012_resize_50,1,resize_50,AUTO
img_012,img_012_crop_15,1,crop_15,AUTO
img_012,img_012_brightness_20,1,brightness_20,AUTO
img_012,img_012_rotate_5,1,rotate_5,AUTO
img_012,img_012_jpeg_quality_50,1,jpeg_quality_50,AUTO
img_013,img_013_resize_50,1,resize_50,AUTO
img_013,img_013_crop_15,1,crop_15,AUTO
img_013,img_013_brightness_20,1,brightness_20,AUTO
img_013,img_013_rotate_5,1,rotate_5,AUTO
img_013,img_013_jpeg_quality_50,1,jpeg_quality_50,AUTO
img_014,img_014_resize_50,1,resize_50,AUTO
img_014,img_014_crop_15,1,crop_15,AUTO
img_014,img_014_brightness_20,1,brightness_20,AUTO
img_014,img_014_rotate_5,1,rotate_5,AUTO
img_014,img_014_jpeg_quality_50,1,jpeg_quality_50,AUTO
img_015,img_015_resize_50,1,resize_50,AUTO
img_015,img_015_crop_15,1,crop_15,AUTO
img_015,img_015_brightness_20,1,brightness_20,AUTO
img_015,img_015_rotate_5,1,rotate_5,AUTO
img_015,img_015_jpeg_quality_50,1,jpeg_quality_50,AUTO
img_016,img_016_resize_50,1,resize_50,AUTO
img_016,img_016_crop_15,1,crop_15,AUTO
img_016,img_016_brightness_20,1,brightness_20,AUTO
img_016,img_016_rotate_5,1,rotate_5,AUTO
img_016,img_016_jpeg_quality_50,1,jpeg_quality_50,AUTO
img_017,img_017_resize_50,1,resize_50,AUTO
img_017,img_017_crop_15,1,crop_15,AUTO
img_017,img_017_brightness_20,1,brightness_20,AUTO
img_017,img_017_rotate_5,1,rotate_5,AUTO
img_017,img_017_jpeg_quality_50,1,jpeg_quality_50,AUTO
img_018,img_018_resize_50,1,resize_50,AUTO
img_018,img_018_crop_15,1,crop_15,AUTO
img_018,img_018_brightness_20,1,brightness_20,AUTO
img_018,img_018_rotate_5,1,rotate_5,AUTO
img_018,img_018_jpeg_quality_50,1,jpeg_quality_50,AUTO
img_019,img_019_resize_50,1,resize_50,AUTO
img_019,img_019_crop_15,1,crop_15,AUTO
img_019,img_019_brightness_20,1,brightness_20,AUTO
img_019,img_019_rotate_5,1,rotate_5,AUTO
img_019,img_019_jpeg_quality_50,1,jpeg_quality_50,AUTO
img_020,img_020_resize_50,1,resize_50,AUTO
img_020,img_020_crop_15,1,crop_15,AUTO
img_020,img_020_brightness_20,1,brightness_20,AUTO
img_020,img_020_rotate_5,1,rotate_5,AUTO
img_020,img_020_jpeg_quality_50,1,jpeg_quality_50,AUTO
